username,password,email,real_password
Mary Swanson,431f87b87f999f5a502411b25c038a128fe86b7c,twright@example.net,$#0QrgK8pY
Melanie Mann,8e125607d14db70e3e7260811ae25706aef9be57,kjoseph@example.net,ps$a@0VsTM
Scott Schmidt,9c82e09408383440d8e5aa3aaf64a94ee3f496d7,anthonycampbell@example.org,^)X3uY!v8&
Christopher Green,e440105710cfa89615d910589e1878c7b6062bab,williamsanna@example.com,&BfPMuk52w
Cindy Robinson,3d26965c7523f620f53d41bdc24928564c3ca992,mark01@example.net,EJ@hV6McJ^
Kevin Dawson,f7424e4ed4617db65300526cafb840cc8bc5fc97,mbaldwin@example.net,%!V5DWpkt_
Joseph Simmons,f66548ac672a225f83f2f4711742c154d2102010,joneselizabeth@example.org,7AKQRxp(@r
Susan Miller,7a912008d70686a33e1b6faa74ebe3f328f04523,andersonanthony@example.org,5nWowsj##9
Cheryl Paul,9b98730f453794e8654aa8aa4684b04aa9566168,wheelerjohn@example.com,w_OfWPjy@6
James Reid,faa62d0368a242568125cfe35271470ea22bcdb4,ochoaamy@example.com,D_P9Y9Bs*i
Kevin Rogers,752bea072fdfdd18851c5a96346afd5dc9e0e793,cynthia79@example.org,I0$1CuAhHw
Robert Branch,962471b290af998eb30f2f257c4d418886c8c6a5,dustin32@example.com,*IlkKzQ+51
Sarah Bradley,94a80f29b619da732c23d355fc98ee71cfda730b,frodriguez@example.com,EvHP#4IyhF
Robert Dean,4d248c703b98496f8cc421f48f340e625743e7ba,marieharris@example.org,t1VUJqa@+u
Manuel Thomas,5d9bd7e37f5a3b288005b401d05be7f991f52bba,kennedysusan@example.com,WzGJHA8)@1
Sheryl Smith,debb16250d1a512fafede9896392324c2d779544,alicia39@example.org,9DRiYcVw^E
Jennifer Higgins,65c0bcfb80206558dcadcf42f6abb15d6341d155,boonethomas@example.com,P0XZVLpj@!
Jacqueline Rich,abb770a0cd25707fd2533ae3508fe9bd8f1b8b98,heatherwilliams@example.org,(0XEfJt9#B
Tanner Cruz,feebb8a71338cc6b2b4ddeb473e179d7e6fc5cc1,beckjennifer@example.com,6Qg9Wlox)^
Kelly Scott,e56a3d5b16a6f5bb4ece3dbce728ecc4c817540a,michelle64@example.org,&AT&3Lrc&#
Yolanda Thornton,c7f79c4b9b40e5b99024269d724bf591c4e7b6b0,barbereric@example.org,c1cZCBgb*f
Janet Keller,595af60c809cfcecfd9d3140dbdbe74c50c8c319,ekerr@example.com,$(^4wSCkcW
James Adams,ecd8d9d2aeb2c7403e63a6c757f4ebf6df623402,robertmitchell@example.net,(rCIJ*L+(9
Lucas Powell,a2f28126aa95af33d703b4f49d36c3415b387676,martha84@example.com,W4Xp82Cly(
Steven Johns,784d68e37628b59c4055ec67d82719208f0b9849,brobinson@example.net,TRWg2%Ah$@
Patricia Franco,63f3702af0c1a8d294740b05994f955eafe91b3a,tony24@example.net,!0LxeSMsN2
Eric Oliver,93da77e92d6a7a056d00a6c829f77db483fb8e50,asandoval@example.org,$)r(e1EitK
Donald Wagner,31ac2ece55410bf572c0df4a13912ae646891114,lvargas@example.org,9n#_QjWr(s
Bryan Morgan,a840b51ae9e0b1de49dbf5c924293fe1e3778dd5,christinahunt@example.com,#MzkWVbj8n
Betty Yoder,114d543327a506bab3824b12d2bece320b1feae8,gabriel45@example.org,*RDtkO3rZ9
Peter Eaton,d8fa7f34c156dba70f364097941db927208e038a,kbecker@example.com,I5CdyNlf&F
Brittany Fernandez,7b290312c22f20b73078bdef065b48b9b0b29f96,jacobbennett@example.com,$37EOASnu9
Charles Hopkins,61745b5510347847e7833c0faae98c1526b394ea,jonathanrobbins@example.net,9w2#T)xY@%
Jill Hall,8a52ab7ecace8dfcfd15209b2f40d0d025e5b6ed,mayokatherine@example.net,(_8Wwq%GBV
Julie Crawford,2f2c62eab2acb29e180f15159d2319cbe3dde345,harrisjanice@example.com,0&T4ZTCp4#
Heather Tucker,2bdb1a72426609a76590e76a9960d86c4d44640d,sarah31@example.org,X*W2OCun_R
James Cantu,bd75d7fb1a8be35ef149b15028a63a7cb54e32ef,kimberlygreene@example.org,R5w*Vat(&O
Darlene Chambers,5d47ea4a431ea7905e0e92db606bcc4e0bdbd52d,elizabeth43@example.org,*A1B2a2eFq
Nicole Gordon,80973645c87f6206b9675996cfe550e1a6454618,jacobdunn@example.net,*n^kqRYU+6
William Meyer,e2e71e7f787e994aa07333498dbb573579528761,nancy61@example.org,#)g9%sBp43
Elizabeth Ramos,51f49745d4e9d8d81051c1c3634c981aab529947,brownjasmine@example.com,xED)dIsh(0
Danielle Davis,740d9743057cde35e24e76c21fe83314d342c1af,ajohnson@example.org,_GJXlO3a^4
Shane Camacho,e780fa428314a1f56f4034ca1b183721b45a2fe8,gmoore@example.org,&w4HvQbhmT
Ryan Mullins,d18f6b1a9e1c9ba39c6b4d62e4a811d46f009165,kathleen60@example.org,IK2TY_k*5!
Marco Williams,5455160890434abee10e95c1938e6f89591c9e18,bartonandrew@example.net,%8M^BvL^s&
Tyler Harris MD,24a66e2a6d0774a81eaab93ffb4694b81353d2b7,ingramfelicia@example.org,F(R8+EFx^j
Julia Salazar,a32ed3c13e19d558bfa11c09bf1cba8c90bfd4dc,charrell@example.com,+A6Tgojynq
Judy Cooper,8f1010c7b3c0cab8df17ee1d19fff9816fb24fec,william93@example.com,JE$1yLWia7
Heather Jackson,16d8aa8f081b2da86d5b10c81dfbbe6a543aa6a7,jerryrodriguez@example.org,^V@8Povkyu
Alexis Scott,9b2d448db1ad655059eefeb7e91bd482082ca8f9,ashley99@example.net,m04K4e(zf@
Scott Martin,34abada92ded64d38203b712152b2e8bdb1d70ab,browngarrett@example.net,Sy7fFAak_k
Danielle Hernandez,34ae75d22628b108bd0026b3a9de35cc7da38f5a,umason@example.com,o6A&y#Ji&!
John Gray,b273092061ea52ee5b893b913b7805afc0e1eaee,ijohnston@example.net,@0Z^MWTw0G
Michael Burns,6ac7b299c7eb2d39a13d9bef6ec58ea377b4f37f,alexisolson@example.net,+7WSp6d)y&
Zachary Harris,3bdf25603d6cddf702cf331489cb6b9a2759df75,campbellkeith@example.com,@#mG(IFX3w
Nicole Robinson,db3c814bd9d05776edc438b6de791329983458f0,pkennedy@example.org,5_(V7OrXFy
Shelly Trevino,85e24d7f02a49c5d7b71a3a099e23e91448d72de,melissa71@example.com,Op1%_3UjA%
Scott Lewis,def860d55cdc7ebca1c1b5ba7994317a142899d0,ebarton@example.com,LoX_@f03&6
Robert Morales,0c21382d55abc02483fe1b9c98ca36f1b17dc17d,phorton@example.com,(k3Xoxv)g4
Donna Brandt,cd2b7e80f0deec677e89448cde4e9819d6452d27,kdavis@example.net,cx6)YoUZn+
John Welch,3206e1a9203c21799de8949c9f56de4c6f73c90f,jonathankirk@example.net,8q3qZrGO!r
Derrick Sutton,ec31f1960e60b9961609a9dff8a05b1052d568d4,kiara66@example.net,Qf8!RVs4%1
Sandra Williams,e4570357dba3bc10ab5b2ad19fb0e66dc35801f9,jasonbutler@example.org,(vOvl%zY60
Anthony Larsen,c5aad07fbce7e642e473af1f25aef8438a85b319,parrishdavid@example.org,Sk_BgLXs@9
Michelle Lopez,231d23eca48d982cf0777ba52a688f8724ec73c0,davidsonalyssa@example.org,&rW_4NIohV
David Cooper,6f8ec023109a857746d563547d3cf040b02d4b28,stephanierush@example.org,rO(26N)ri_
Lawrence Bowen,887d6072e22225ead37616a107aa47a5842d077b,ryan61@example.org,n#2ZIluz*&
Maxwell Vasquez,5770ae352404a637dbb22690238f86ee48b9bae3,priceangela@example.org,+g(%5^I8C6
Jordan Olson DVM,d35fd45d0957fd7aac9c31804df6783b1aa9b3ef,shannon16@example.net,LL13qVgtN&
Phillip Mendoza,adefb1d749702ba413292edc3c920a3819672bb7,ernestking@example.net,^YNFMwGs92
Brooke Wilson,b32cbde6c35c4a20f3b8cd8136f207cc5f089e82,davidsonstacy@example.org,k_^m69Xp!e
Taylor Navarro,11f11bb6b7c2719b7158ada193ea002f9428f3a6,gabrielparker@example.org,a33Pdbq*#1
Peter Mccoy,18659d65bee6dfa0297a4db9d955d9e8c2117f89,gutierrezmadeline@example.net,K_tu_0ImFg
Steven Robbins,9b18dd1c5aec5d60b175f512d43fd09aaa27feb5,shawn94@example.org,!QIi*GuL)2
Jordan Powell,61951c97b801386a28694febe4e07ec135ce49e8,ashleyobrien@example.net,^ZkIR1JtIE
Andrew Figueroa,58b5b5786bec90f164abe166f7da89d34d762374,ycannon@example.net,b@Z6ButxQK
William Torres,33dc553df7e5677f1344ec1801b5bbcfba3b8983,alexharris@example.org,YEqTdIy0(2
Jessica Hess,0311b5802c6960eb2b3fc52b55920cf4676e087f,jenna67@example.net,)iyzT4k15g
Alexis Mullen,3a6fb23d8f6151752673a1255b81261da586692d,rvasquez@example.net,1zLV@IJn*C
Adam Cook,b542c82d4ae80979479083cc107e913eeb3a3629,jenniferporter@example.org,p_rA7oRaRu
Jeremy Hardy,fdd9826fe5b0b692409718c70f73ec87c93e5891,karawest@example.net,x^6uyITlTS
Melissa Miller,2f4fd55ce37168a5b6aa34c84552e3dd6fd0cf47,qparker@example.net,^B4Us0o1I8
Larry Adams,df2aab88afbb75644832ae2b9c9dbfca4c8abacf,pguzman@example.com,5_q7Jn+jLS
Fred Williams,ff13f13bcfc37804a963a091acaea5c9164d8cb5,dunnjustin@example.org,%^n4bM1CWz
Fred Welch,e5eee54d4dc980a9b96caed8eaebfa4cfafdf481,umassey@example.com,#v5ETUz9N$
Sheri Harris,ba02cd4e6bc8468e1449a2608d9cd213554a8d71,umanning@example.org,@p^fWfcJ9_
Debra Jarvis,7f988e039d1236dad621243f882fa930952c1575,campbellwilliam@example.com,_INW2*1jt0
Amanda Carter,e1eee9cfb63baba0033db8ffa4ab534753fe7db8,xdavis@example.com,)jv3!VyM*1
Heather Arnold,772e8b5605edd266462fe64e958ae38c0d7d4c78,carterhannah@example.net,&9nAGrPmh4
Melody Skinner,86b8a8a384f1b1abf4279975f1871dee2a6a22bd,ryanallen@example.com,)2YnrtpT2*
Jeremy Payne,a9823743adbcc46dbf186373348c99f08f1d650a,contrerasdaniel@example.org,&oo59@741X
Brian Conley,f8dd182656f991d9b4631329d1a1e5f86baaef20,millerdavid@example.net,&org2WxqND
Mrs. Alexis Hunt,d2ded6a9959d84f3d6660747ddef62b9c2425de5,carlawest@example.com,&p26d@Ou^D
Kevin Brown,04633db8bd5ff785c97bf363a14847c87a16e023,eric70@example.com,k)MJ5Ymg5F
Sharon Jordan,db26382941979dad57b68e9c730e32b2316f319a,carrollkevin@example.com,O+e2Ii+D9E
James Knight,71f800b3456b9768fea18092cc563e76627cfe60,bryanwilliams@example.org,!c!6*QXe$4
Joan Ramirez,47ac65d0c97d07384afbae44d6cd1090da60c599,fstephens@example.org,c5T&USB9%C
Michael Johnson,2526dd125cd1513d6141f0fdffe458987e6b0d49,lopezjennifer@example.net,I$h0GNp+OQ
Dave Cook,195d7b7dc4f4254c30837ca6e9b3f0617dc05cd6,kpowers@example.com,&hiiHlW_24
Makayla Garrison,ad6a203f35c72602b812e612b0c2d129c6ca5354,smithchristopher@example.com,NVd2l0emn!
William Ramirez,a4456caf767215f89b7cd0d282dcac4239fdcad6,michael06@example.com,Fw5QxoN(E@
Robert Leonard,87f3eec0a5bca9c625050e90d8068e5e064a9198,hbowen@example.net,szIh6M3s^1
Johnny Miller,e222ed8fd691c48e7a7d8c4b158006a5393f478b,hamiltondakota@example.net,Z5BR@Ers^h
Brandon Moore,051c0578418625667f4aa86fcab52d6573a35659,melindamendez@example.net,rUio8NSp6^
Johnny Richards,5e728a57fea7c0d7f716ecde637136a7a5bfff2c,nsmall@example.org,2@Djy)mL%6
Caleb Smith,935e6e294e16df378d0f3668d13cb264f64413ef,abrown@example.net,hykMlhSX$7
Shannon Aguirre,18a3b61fba469538d2e6695ca035f25144f0aa1e,bjohnson@example.com,#3FYFQDrPY
Marvin Bell,26f23b8af6ad566ad2dafedde548d4b2aa250489,schmidtrhonda@example.com,zWxR*(Km$5
Emily Cunningham,a4bb80a197985f8e0c1bf116777039ea5457695b,ugraham@example.net,#l3HGHQY0x
Glenn Hancock,b13c9d0b9f1ef4f4f4d569e7fd884c74c632b4f0,morenobrooke@example.com,R(mi4Vru0Y
Erik Benitez,c768cde6921a007304e1896e0789be90235b2fab,cassandrawilliams@example.org,7#7Ne0PQLs
Stephen Cuevas,0944f1d51c770f45f3af90eeeebedbdee838f698,ysingleton@example.net,A$87KuSj$&
Veronica Stout,a90bec958bc5936a83df4b0de731b84e4c274f62,aliciaellis@example.net,*1@!ksCyZy
Michelle Thompson,c473194edf1ff97289a1160e6dc43a0f9e3b02c3,richard80@example.com,SdjssSq#$7
Jason Merritt,93b15dbcb4fb82e691908543629b28fd3f9e61c5,jonathancontreras@example.net,mPM@f1Ta%^
Holly Mendoza,774940de21e13838cde572b93af5e1d8c36a9f21,kbrewer@example.net,7QlAPLSp(4
Linda Lawson,8b3a831870691daa0ecf9524146668a8430363ef,oneillmichelle@example.com,_49C9rdKYs
Jeanne Jones,d65729493e758b95cc140d1d7c06d6be0944f322,drakesamuel@example.org,J8^r4ZCd1u
Ashlee Wilson,e2ed79c4ecaf4d999d9a5eef0c201a2fb7b3ed40,linda98@example.org,#)2uuK1ob_
Lisa Payne,aaddfa7b6aa0b7e3408ac298ca2cd299215806ff,uhoffman@example.net,%GLz@#+h9v
Eric Stanley,fe22c7b5cf71da6fb9c2f1f8f1cb26990828fb36,hayesaaron@example.com,$4n4YMjdn^
Nicole Bailey,f59bc4154d46983d999f1b35466cfaa1ca8a14d3,blairemily@example.com,$iWVVIdE4T
Brittany Pitts,7cdd6309e0a311afd75c9680f281c915fa62e80b,figueroakaitlin@example.org,v3ZEl_nh!Y
Dr. Caleb Garrett,1756fafdb5b56f7be97d028920d51f44dfba8e9e,gardnerkimberly@example.org,D3oUmmU4(x
Sarah Moore,7a957020277a0c289f1f353de31980c3b6518bbf,gregorygomez@example.com,^r)s6AlSr(
Robert Rose,47d52845f29202e208b7e54138dbfcb400fb9190,mathewslindsey@example.com,5GZ6mWoj*0
Daniel Russell,4f88d59ac80287a8c1667f1056777ef87544ea1d,lmartin@example.net,%&99bAf9SU
Tiffany Stanley,625269c944611ca4191b9f7f0cb5907d057d527d,elizabethrice@example.org,W^OfB1jgNY
Luis Smith,77d1be7e157afec6849a1596762d2c99b197a779,smithmelanie@example.org,A_K3jOrKID
Thomas Donaldson,dd2684f5d42601500d580eec03246a724de113ea,lisa42@example.org,Iasg25Tl_@
Alexander Lee,9cba3a64cf4f538113859b489024ef917fcca0f1,daniel05@example.com,QudA0Vdn%5
Bryce May,e0b447f704058f54ad158767bd47e6ebe453fc24,villarrealkayla@example.com,Lc06iMor+C
Carol Rodgers,d4410de58dfc6fdbe3621e435534b3d3d385ce9c,jill12@example.net,(6DWxIaCwV
Mark Lucas,df065f7e0071bc7c0a0e57287e31054fc5ce2f95,shannonrandall@example.com,)iT&UVWn00
David King,47858ae50cc832813b79fb4b959c251e853cd94e,rbullock@example.net,Yqk6XVSkx^
Michael Burnett,0dad7989b831cdae6f547a533de5f849bb924d98,carrolltammy@example.com,^8Ta6yMvzs
Christopher Myers,536ac46a2d36c2e34c04946de5e9f1a4c5e06adb,sduarte@example.org,Bf$e)5SgaC
Nancy Smith,e19ee59ea3793386669da4f8624fa752dc822092,emilysims@example.org,d*%2zDzp7Y
Collin Boyd,c0e0bd6484b3c52791794f91f5d944da86610127,austinmurphy@example.org,W)20B6Un!M
Timothy King,708b086eab6fd095ca0f70da1e6b0a082140c2e1,njoseph@example.com,(H4Ifv3w52
Tyler White,3db9f0e3faea874b6c3692c8ac6e23531428964a,jenna52@example.net,Z0pOO0Ox^7
Juan Sparks DDS,cc9da700ceeb6b50fd1fbc9e12788fb05836afe4,christinearellano@example.net,&7AgJGS!Af
Michelle Wilcox,af3f45abbb6012b16efc048448b7a15213826a58,christopher05@example.com,n*fTA5Ful3
Victoria Parks,63b7c2732f732dfc5c82af9025c93849be3fb130,sweeneyjacqueline@example.org,)3TGA_LbmE
Kristin Zhang,6929a716ea8fe960dfc673644f5c333bf7646b42,daniel19@example.net,_7NCNtiVNy
Jon Murphy,5c45150f87da64d0ced410e2d027ac620088322f,andersonkevin@example.org,_Y6FnRFs06
Andrew Meyer,de957129080f7c1a678ecda21cb368dc0dddcc5b,catherine21@example.com,(mb7Sukwq!
David Rodriguez,52900e19e4136d063f81510304b1634f215b5e6a,njefferson@example.com,4JIPkutb(j
Alexander Morgan,94e3b9c3055be6dfe537e6d257b8be75a3ecc9e8,steven62@example.org,4VV#E3Hl&r
Sonya Foster,42d2784a75bffea9d609a3da2ef893ec34fa869b,gonzalezmarcia@example.net,%J35MsnyK!
Marissa Stevens,cb4592152a261027e98422e78e6f7e0ed6ef5764,tara90@example.org,wS_0DYkuQ+
Rachel Murphy,239607566f77f36f9d2440dbb78a17411cdb21e4,conneranthony@example.com,@8Ah9a_h%h
Jacob Diaz,a2804bb87174d3fd6dc3c788df64b908d58c1913,aaronblake@example.com,p61PbSqk*C
Derrick Flores,567a84daadc8446fd6a7a767f2d4c6041c5708ee,xstark@example.com,qH(M&0Xvh*
Jessica Griffin,9ec1b8cb62f078dc4a4c3e7d36a23ce56e96df4e,lwyatt@example.com,E7Agt71Z!o
Connie Hartman,d720d7e0d8c1323a50025bfed07504939d4de718,leonsnyder@example.org,2Kz3a5&m^K
Omar Richardson,c753e5b715c63d31d4a9097f6396bc60021cc5e9,jwolf@example.org,*72J96f^Z_
Scott Lewis,17a112172df4ce9fdd615a59059888ecb4683d47,adam25@example.net,%#02DSxzl@
Jim Chan,c9e8e9e4d5936ab1c748078019061e46f80166da,charlesreed@example.net,g&1BtQncO^
Phillip Cross,a6a199af558ba465ee0dbb997d28d5a36d91f1c4,johnsonmichael@example.net,P)2MMWlUC)
Patricia Hodge,a4b1e0a2d61298e82fbe319d3f06ead7250034ec,bshields@example.net,3KBpkZzp+H
Kimberly Peterson,c7c62b018e12c7a017e82bfbb20d3761193d6b9e,edwardscorey@example.com,0#PQTSdy+7
Tiffany Jones,e1ca758999342c3a9e645973dc52339615cda8b3,kimberlysullivan@example.org,4tF$J*2y%3
Brittney Good,e626928fb58a767edbc5cb55fa5f2da777e49bc8,istone@example.net,+w5A5Jcp%f
Dana Pacheco,c6a65002a96b354af20878cd514bdce64bf200eb,keith18@example.com,2x44Hqwt$f
Kathryn Gilbert,971bd992033a4f4c3f5a27c6ce62f51a11eca454,wrowe@example.org,t@C8TUYa21
Daniel Campbell,71195cd82a6ec27e037dea8b7e9a217a3d6eca6e,ashleyatkins@example.com,CP2IMy&W+X
Sherri Ho,934ba8542fcbfbd7ca94499227102ec2d9f945a1,harold54@example.net,&KYJy!2fG7
Courtney Valdez,6f6168b44ba7dc9cf2d03a95a62b8bdba6300add,ashleytownsend@example.net,*8h7KzlsTt
Brenda Johnson,9edee5cf9c411c70324c50045f5aab4e8886ef0e,mitchell60@example.com,_k0Wk&E4A%
Isaiah Walker,567155d5424a03cf2cd1ecf109ec3353368d8de3,dylancarson@example.com,&u7ZTv(GC4
Chad Franklin,a16cd7b85fad034435f405b69d4784c15276e51f,andrew93@example.org,Gc0z+h08_3
Earl Cohen,f48057a1a2faf285764a468221b890087c14f551,fsmith@example.com,0i&8UFoC%l
David Duncan,041e5672069f166678a3e4646ae980a22b96e836,dquinn@example.com,7&Qui$IhP4
Daniel Patterson,5e238c88811147579186ac1ad68df00a6f10ca8b,jennifer62@example.net,tF4LLrry#L
Brenda Freeman,430fd284062ac10696d4b3c3e67e37aef7877201,hamiltonjordan@example.net,%eGHrsHS8q
Robin Valenzuela,29df48785f1b04f555a572761b84ada44b996688,james88@example.net,%8Cxp5rw#N
Jennifer Chen,2c209d105ff39aff3e40927326d1ae77e7221336,codybennett@example.org,3R1UNUbo3!
Laura Fuller,8dc04779d2f1fee9d5ddf85f78cd0aa989a8f08a,brooke13@example.org,Z0OWQW3r(O
Andrea Jones MD,f529e42c7587f6c12fde7a7537e2474d561f39e7,moodymorgan@example.com,#x@*muYDn3
Jason Torres,e6f3d47076989cb68927e486092ef405b7658267,carolynhenry@example.org,%(x1M2PzgF
Richard Smith,fe7131136a7cfc4ac1c549796e0b7e9e8597a928,kbush@example.org,__I@8LvyI6
Jesse Lopez,2d4fe3b95912afd028fee6c706157ff74b164156,sanchezelizabeth@example.org,#b@0CpkQNb
Robert Edwards,605df9412456937f5b4460ff9e6511d28fd1f8f7,htorres@example.com,PtxEF2Gg(%
Colin Stanley,10ffce78ee8835359d95d16123e6420d3de8b289,greynolds@example.com,N%lOnzVj!8
Brianna Kane,ee84593fe425689e6a3d7b1ce5a9f59574980ca6,gonzalezdeanna@example.com,n5yAsk4r+H
Walter Kennedy,3b59c8055a1e22ee48d60a4f7d3d6e8d8ba5b257,joshuagriffin@example.com,Eb0@Vkuk@_
Mary Zhang,da996e7adbf12d0276e54174309eab2b38bb4563,nbautista@example.org,CKG3TFjXJ^
Shelly Ward,ee447ed82936d4d0f81ae8630f2d0aa86d407660,jacqueline33@example.com,831FRqHw(*
Michael Olson,f7ac1f8d0d0e2eae7aca2c6cd4c19a28c606590f,jenniferwallace@example.org,*9Z^+qLalF
Michael Jenkins,fe5026f482ffef26bdb3434ea439d2857053f522,carlos64@example.org,GTT05Anl*^
Kenneth Davis,8b398dd8af0da2d7a5fcbe683ffe7d33ad58896f,william36@example.org,(9OfH*IK)Z
Ms. Tina Shields,b61115456525778703ae5658fdee95c81255cb18,xnichols@example.net,6Ff27DnA*7
Pamela Hendricks,e444a75fbc009be8c31d3bb012d9bfb8edc786e7,beth92@example.org,d8hHATL+$7
Christopher Brown,d715babd55746a6f726640254143825fbc5eac5a,bjohnson@example.com,^fCa!MFh8%
Scott White,6dabc1a5319c3ec62d8011afbb99d26dd721db7e,walkerjill@example.net,$2WysqJgfi
Thomas Perkins,16dad958844f0d724dfed8d9b71da4e243fe8a77,ddalton@example.org,*K9rCIMbIP
Ashley Munoz,51cbb61c1a1b923d2ab619b1635104dd3e55e98a,chancock@example.org,z43NVdBi%y
David Mullins,fe88c74ee433671ef7f05077f48223bb18fcdd7e,oevans@example.net,$cNwERMsz9
Alicia Gordon,df4d806ed71a4ada4e992f86d65803b84af44efb,natalie68@example.org,*jUrUhjA20
David Simmons,7efa3cbd1420a49b96b8a9cd93c2e792240b7af5,tina03@example.com,#06BCoxlL@
Gregory Reynolds,190b03be20de54b41ee6b269e6e83fa05028d587,brandoncollins@example.org,D$34Jkwi$U
Lauren Brown,b722e5b2376f6f9eca8fa491c15dba18bf6050d2,rbowman@example.org,0p%oLi^P&s
Natalie Cox,72239b53ac6ce7321d29137c16b0268d051f69d7,donnaspencer@example.net,s_tS9M(g@3
Donald Sanders,1e983b09a80ac394fef4b97038b793a6758768d2,caroline77@example.com,XB1)EezG!d
Robert Harrington,7e37d549da339242396241ab13f4941021d8bece,chelseahall@example.org,_6(d0QhfX*
Michael Baldwin,d58d4e7de9acb915f83626006dee700f3cd4eb12,millereric@example.org,)A0P!C9aGK
Nicole Park,4909cc8051834657402217113725794ce8242b53,jamesowens@example.com,!6+BhNwo_#
Richard Hendricks,4b9775a65718ae134153274b4613ab0f3f7ef15e,christopher19@example.net,jg0bzIOJg+
Robert Simpson,6a30cf8ce6ea5c408071092f9124eef931161a3f,robertayala@example.org,1h&+35KpTK
Carl Crane,11d10612015f38c1d502f5059cf06e1a72463004,sharon54@example.org,#69q2iHNfj
Amy Frazier,50dda73e29fcd1adb84e378d4b467f65c7d1c95b,ryanelliott@example.net,LuM1RhqhW%
Diana Hutchinson,c88cca266db2a0bb19bdc7443eae5eca2174023d,hillapril@example.org,L@U3K&wdbf
Jessica Harris,6c8e6d1a1fb9c8272b3ebfbe9b0c91a7274a4d52,xbowers@example.org,!X31YKUhA&
Jasmine Johnson,0452022bd5d920f55d199a7af379fdf674a0faee,proctorlarry@example.org,X9PcBQMZ)7
Melissa Peters,b00f321ae508a67ad201fdde1df421d1114ba51f,qjones@example.net,+O4tZCo@#g
William Vargas,b5143123f64c227d28d69993da73d9071eb7d3cf,rforbes@example.org,Tmb0RUPw$4
Robert Oneill,e18d77f5eac8f16a6d44c149601904dccd00c4cb,spencergibson@example.net,s0LyCtNG*f
Matthew Davis,d9f339ad405e6cbf4f45adb05a362515df44a393,fernandezbrian@example.org,^(b6KKAin!
Steven Burns,f07771cdfca787895dfeb38218b69193803cadce,sarah08@example.com,!+V+pC&cW2
April Salazar,2b44646d4cdc394540ae9adda644476bae2b4e75,sarahschmidt@example.org,$%qLKur_7F
Mckenzie Hoffman,dae1bcf196dc0233e89b0f8a01d0787f7591c733,barbara38@example.com,)R0)(3KyvG
Jonathan Martin,61fdc8e2a0eb1308d126b23a9110dcc74807119f,jessicahouston@example.net,9D+*UyTT#B
Todd Huffman,b6b710b69bf4be24a451b0ad22850a74cf03c0db,devin07@example.com,&C$9GETsM5
Brian Rogers,b26d8b296111283a66659c6c06639ac694fa7386,russelldanielle@example.com,1vY6S(gF)2
Jessica Webb,9dc322f6b9146483945d1e482877efb178f7cfbf,kgonzalez@example.net,$5wyAmb6Sc
James Goodwin,baa399518b9b0040eefce5b040938de861accb95,beasleyjonathan@example.net,!&68EY3eoO
John Wilson,707d79060bb27b51e2a7d8e1d1b8bc178178ccf5,bakercindy@example.net,n9y%KsQu#T
Ronald Howe,c62ad390ba3a3cdf3a8a01698edc3d2570609d38,jonesjames@example.org,11TAL1dk_C
Eric Mcbride,67694e8eb9dcfac03fab033ee32369eddceab218,robertslisa@example.com,@A1tScUlVX
Megan Brown,9ad73238b19fa283eaf6199d19840a03b5b16f79,vreid@example.com,qHDMgCPb^9
Logan Bailey,db687790b32263601c377bad78b0839f0495759f,perezpatrick@example.net,q46JuraP%v
Mrs. Terri Morris DVM,69961a329b3618c2c93f888e406ce0b99ea881f1,william82@example.org,(UM76OSw6E
Emily Andrews,8fb2699f56f205d3848a416cb6225c708afc5776,robin37@example.org,QK1SQPgg^c
Tyler Rodriguez,9dd718fa5218b71da07e0b6101c71c3779e62c0b,rodriguezmatthew@example.com,qavkB9RrX^
Karen Webb,1376c85c965f25639458ddb5cdfeb0ad719d7e11,brittany94@example.com,2dMprhm$%b
Micheal Hill,372ba771a8726f4d44a7ecab488f13fe6f907962,stevensjessica@example.com,$m!3KVQo+3
Tiffany Mcclain,43175da14fa874b86bfba704d5472289e53f14ea,wilsonmatthew@example.org,Qj9f5VAsb^
Robert Jackson,69e51b7db2116644842838ad0e20b928edc13292,jacquelineschultz@example.org,*4BFktPis%
Michael Curtis,09341f15b407bd7bdf9a869039758597abe3acc3,daniel31@example.net,^Kj5T4rdA7
Stephen Harrison,1dae6deebc719181b5a532346b29059a30c96411,uadams@example.net,*i0NZnqd8^
Bradley Ortiz,338ccf60529da1c4a99bb86890fa4ff44b44e1c2,umayer@example.net,9X%1SLxU*%
Jeffrey Carter,07c402f8d087e172e251ddb3ed12551e1322f8f1,rebecca13@example.org,8z2fHAnki)
Kaitlyn Gonzales,73581f2749f419b4bac0f99df5eac19685a1a23f,johnsonkimberly@example.org,Z(Sv^2Med&
Kristin Smith,35b957a8e863fae1ff0c55f2bc3c81ae34e68700,kmoore@example.com,n&%m7Zhelc
Dawn Ford,54773f1a81d15a1c3dc7b5032b65a5bbd5532052,harperadam@example.net,M(k7Daie&^
Jerry Warren,99927738e48a0f40ab8c57797046fd5331d31b8e,abigail00@example.org,$76UNt2dj)
Philip Mason,70a853abfe182688856b939a39d7fab6c170b66c,mbooth@example.com,990^rNt9#i
Tara Chavez,7964bf5231e15dac8c27bf8824bc4039e6f84048,jason04@example.net,gn2wTPKb#%
Kurt Velazquez,daf0ed57eea84f057c23d36b7cd0ddcd15fd52be,ychen@example.org,_y%M8CLaDs
Robert Ponce,ec310e5dc7f2b6927dafd1eb527060fba8d8e55e,moorepamela@example.org,G(7tbXse8R
Erika Gregory,f7aefaefbb84479303557a7cf6d9f3afd89f899a,michelle45@example.org,3!(7W0MzW$
Raymond Perez,89181df34d2563be07bb0e4859bf8c22a1c6794b,lawsonvictoria@example.net,U25kEP&ps^
Justin Perez,709311483480704d45528295253fc093df6f853d,donna31@example.net,L50Qp4Xy*c
Kaitlyn Taylor,a1aa323b303434d2ee2cdeee4caebfdf9558b690,jordandeanna@example.org,68LV&wi0^P
Jason Hodges,a23a9a3e173e5d634ee6afe54d4c46590570bd46,marcus32@example.com,vE5JeYEew*
Sarah Gonzalez,45d8b493ccaa0d51327964f813e46c6281869dbb,kaylarodriguez@example.net,48JBmeas#%
Rachel Parks,0fb02f02a5b6aa23c837aa9cfed19731744b001e,roymary@example.net,nUE4aNWp&x
Terry Reed,f44f48458ee987cfb4896090ffa92c0d6ad6064c,rscott@example.net,_1uCD$qx(y
Breanna Goodman,391906cd590e6d24452cf610ed12feabeb320cb8,mrobinson@example.net,%m0HP#Q8^&
Lisa Rasmussen,f5fb086d5bf5b2df957699a103f78fbc19d0f351,charlestorres@example.com,(1&HY%pi!0
Taylor Howard,1e27b9eeba524274a9b5c7096a0c42fe8f6c4c86,laurielewis@example.net,jZ9v(*Iq$Z
Austin Blackburn,0a84e24b19cdf3267a2b27a27309dcb448052f3d,pricejoshua@example.org,8L3VkTAw%$
Amy Simpson,c3dd86bfb9344bc93f91b3a4d8fffeef4b5c4c96,christinemiller@example.com,Yb#0OzI%JQ
Michael Hill,924ba8c07b33fcac9449278df1f2a055c49e51ce,julia15@example.com,mC&EN5sw*3
Steven Lee,5c00370bd61361700ed54eddace1e562d74c81a3,ogarza@example.com,i$*644yqOS
Brandon Mason,c01b5dab353beefa661179b7665f33a9d32ee523,dfowler@example.net,9#5$P9dm8c
William Miller,18bff8a033df2ed13c8174b5e7d33ba98d6528e4,npatterson@example.net,)A1OY2l&Ks
Tammy Graham,2897284f8822297bdb2da059a7a093240748728a,jayclark@example.net,7q5w+0S_^q
Lauren Kramer,6495e0183389cf013beaf3a0b8ba4d2685114351,crystal71@example.net,7J2SMnA&^8
Christopher Norton,9642b8eb581266633815a92e1865c7e07c220800,michael90@example.org,SGmRCQMp$0
Christopher Taylor,85c851d4514cebaace15a5c7f269f508c8d5bcb0,ytucker@example.net,4AX0#LdG*F
Rachel Cervantes,e5811b163d119aeeb2e3d667f50a2431fdf4f125,aaron19@example.org,95OLL2tT^!
Rita Smith,5aad6c7561babffb6947fec88cc68b550c13ddd7,michaelhudson@example.org,B(2AObvSjy
Randall Taylor,a40b3ccdd26dcbf54f10932674b4c44efcc00425,jennifer78@example.org,^FUU*1HusV
Chad Smith,b2cb047b11c16cb88cb7a0e48ad3c8f9be241761,denisejimenez@example.com,S%fP0dBf&5
Steven Weaver,50703e4e0736812b5d7c7f8145376e8d5fad6731,samanthanelson@example.org,)3X2tN6WQf
Timothy Johnson,d4182ab6bf980c554c6cc591457e1337b8f0f310,chelsey30@example.com,+4PkYTliI6
Kevin Neal,e48db4dd04849d59cfff3439136c0f59e00f8a76,joshua80@example.org,Zn6H2*Bu!_
Brandy Evans,de9c2d461449dda30c1d413970b69485d4ba7091,mcclureamanda@example.com,aJBy$!Fa&4
Steven Alvarez,b96af6c7ea479358937d432600787ec8148f0491,johnrichard@example.com,3#VBg7jT_4
Erik Johnson,f1707201bf61d31b0cd950e0284e6903dd6e28e8,lindsay03@example.org,^l9LP5eH5c
Gary Jordan,28da2caee0a8611fb8455bb1dbb198c8eab2554a,kayla34@example.org,xyc89F5c!)
Teresa Murray,0d8a4dc081917b9560eae2fa4160715e0df37a77,zunigajoseph@example.com,b81rPQupx^
Charles Edwards,c1b2f5e15b2fbb406ce606224bd4651a640c4960,joannereilly@example.com,4u%YtOwQ#F
Willie Richardson,bb40ed4eeebce6f7e58925d99b15df86bb4a8caa,jturner@example.com,(1NV01Az^9
Bianca Fowler,4b9b297af71a19d55ab9c7148e48e563bebb3706,tclark@example.org,S3_0SueH$(
John Robertson,45bbae13b4658114b9ec42ac35a31779a72ab7c9,allentodd@example.org,8mPVKvrs!8
Matthew Todd,c86f30e360954a0e1d9ec6ca5d3ce891608c1b69,tracysullivan@example.com,5n5RKouT)(
Kaitlin Barnett,9e56072ac3fb7b340f90c215a09d25486a0ab86c,sanchezmelinda@example.com,oc6WVQgll$
Jason Mcmillan,e2acab6dfa07dbc01f0225fa521ce2456309e4c2,campbellwilliam@example.org,pucCEet8%7
Damon Jones,d13a830e75e082b5c0317e06ee844fc545c45c8a,jose36@example.com,%JX^8G5z+e
Jacob Davis,b997ca0a62f30b6e3a4f71e782c1a93079c731a7,michelestout@example.org,OQ*9FqEez7
Gail Rodriguez,5567a672bb18815367beed4f9c3c530e823b6f8c,idorsey@example.org,viP5AicZF!
Amanda Lucas,64412d0db0184b51ba6a7bfc990b7e48d124a8e7,ahull@example.com,Q%M5y^GpJ%
Robert Fischer,772888ea0c4f367fecac5552c9792e43fe7856cc,samantha30@example.net,07^C7UPnEH
Brandon Jennings,9f593d340a987fe5a8f6f99ac817600d5d9327ba,adamsdavid@example.com,9LmGiLta$4
Jordan Chandler,cb04a44820159dbd751e817ef07e9a0ceb21c695,afuller@example.org,&w(Y4hln6B
Robert Clay,32726e4bf2431758bb4bf7dbeed32ee2cb455a49,andrewmcbride@example.org,^O4y3!2nJ*
Shannon Wilkerson,24eecf01ec5b2d9fe68a4c16c10099a1c6097d88,charlescordova@example.net,c00(J1fD_v
Stephanie Little,f8e3c8e3427d80a6c5c2b86caff53a8200c5f545,david91@example.net,Px4&Z0Jy#O
Eric Barry DVM,deee4a6724cb0deef8b67a96912c882b8c1b0b16,imiddleton@example.org,*TC1Ofiq4&
Christopher Powell,bbeaa24b4c40b2107f6f4b20ce5e57343c40747e,jerryhernandez@example.com,y86Vehx#C$
Tina Jimenez,addb7e7c15fb6b7e44acaa30cf6829a055dcd49d,kellyhenderson@example.com,4&TMO)zg)0
Aaron Farley,f1b8c0b26596ee5edd59575693f3dd484b2b8301,vmiller@example.net,+D00Xz4F(C
David Christian,3fb7c63dc78703060dda0721e53763a68eb1b859,kcisneros@example.com,!_BM68Rx*5
Walter Miles,5949685d7b6dd9b3e30fae4ee3506f9e1c9acfc1,burkesean@example.net,W6J$A2TqZ@
Mrs. Maria Williams MD,84108cb82281cd94459cd6176b749f2d1aaf82f9,alan77@example.org,_BzKSdpPs8
Randy Lamb,73d35f8b7ec6bd0a75e0d7db217de0b1fd993041,moorewilliam@example.net,wX#YLorJ$5
Dan Moses,2d3988b627a9d60c62e6b9c0cf6e555d3fede1f4,amyrosales@example.org,_7JpfdBxfo
Amanda Vargas,76fbd8d6eaa1effd563b8985dcf1512b45ee9e4b,steven72@example.net,r(G5DYMgc@
Steven Nguyen,64254d806979932f239c3f1a6e99849349de3f4b,stevenewman@example.com,T81SIO2s4*
Leslie Cox,cfc28ec10d2ec87528c5228ee7b5fd8077be5fe5,wheelercraig@example.com,&H*rKlBI#8
Alicia Peterson,8ed7b7dff86f01d3baf120484d7513687cda2b6c,yvonnefisher@example.net,)0iJxW9joB
Nancy Miller,c4af29f0d08492da7870a941515d53a46e450af3,amy97@example.net,&2gGF@Jpj7
John Banks,82918f790350208727ef1fd6522c17bf2b35a900,jameswilliams@example.com,dkOPx&xE!6
Bobby Alvarado MD,671acfbee9eaada17e8b37078dd8108ae666b180,kara13@example.org,e(w4sNlskx
Angela Hodge,58a0f922cb2a785921a6ec539afd27c82069a99e,barbara42@example.net,_3VjUAV5rf
Randall Griffin,e53aa33bb6675de9870ac10a58c89114809eb97d,wgriffin@example.net,3RaPS$JH^w
Lisa Hall,b77685c30ea7ea7b74e5aa1f8567e4be068d76d9,michaelfowler@example.com,^G3jS6rwE7
Shari Strong,7d55af2da57dd329d53972447475a916b810e5ba,mallory20@example.org,@aG8)cMo6W
Emily Chapman,838aeea776d1ee5589e9a0917c34655ed4d6c6ca,webbmarcus@example.net,(aq_JxmXH2
Stacey Phillips,f3a80fe22f532463e057fd4c618e88899688595a,tiffany98@example.net,+4hRgbLSg4
Veronica Porter,7b49f65620b58640a2732cf01d3c9249f2133546,jhurley@example.org,4DN2cAr!%i
Matthew Roberson,cccc4ac05e43ef2566c84e27cfb11dcc4c32b86b,murraykrista@example.com,#XIDQdXh^1
Alexa Peters,5aa104515df4889472bdf62fa1e217e9feecc006,williamschristopher@example.org,+8sqxGTq4C
Brittney Stephens,1fd9961e7e2ddc5a4482941cebf4f840ee67d356,egray@example.com,%gMXzq*4J8
Mr. Brian Romero,ade400f1e402dd30728fff7e2c13e60be61878f2,michaelmcpherson@example.net,!eHLOr$Qj4
Lori Bowen,69478c2a14b71701b4a31303f4ae26432d7d33bf,dickersonkristin@example.net,!tWa0RKq94
Nicholas Bowman,2ebf6234e02fe03c61ad420d9240472c5514298f,kreyes@example.org,_qMTWbYlB3
David Odom,9b826df5e6436f7b993686779a619ba9527bba6b,lwoods@example.org,n5dinQ!y$8
Angela Wilson,883b40423e174d5aec51d533dc5b116dd207f26b,barbaramoore@example.com,%1cJti$A+h
Ronald Parker,9cc8461b44d9723a48d42e0ccb884dca8a874c86,cynthia38@example.org,#W07fPskP7
Crystal Romero,e00d8eb32e1e9be1254ca898f1820b20c4a3837c,snowbrandon@example.org,5%3!1B$v$$
Ronald Vincent Jr.,46d1d87236e6f0980f765508ecb1b03903d59655,shelbymcintyre@example.org,3c2DDW13(+
Valerie Key,3674c1b935803a7b0aab1232f787f6440358ad5b,glarson@example.com,vwdC(KUI)5
Michael Smith,8f53d48ff759a12dcc280b09425c7a1941fbbe7c,tbrown@example.org,2!A4_JLdp&
Connie Decker,cb6a1da84ed2063f45b219b1a229993859b5ae4c,qwilliams@example.org,&fW0F7zcU!
Barbara Reed,2d94c88e092dc4c0e321f3dd380aed6a0e74a317,phood@example.com,%aYWp$9)v0
Eric Gibson,e549f6715d716f0a0ef3468f043f5b35e430a08e,thomasgonzalez@example.com,)lNn2jyu8P
Catherine Ortiz,a0d0746605f13ea7f132daa3d0676e775923ad47,vfischer@example.net,myHMmezu#7
Steven Duran,4b4f73484e0570ec27b2873059cdbac18e42201c,bruceandre@example.com,e@^n7Wag+$
Jacqueline Lewis,3d0c7882a7e958a7ceceae2af8d38808432469d0,erik83@example.org,+1wCT(ebuq
Robin Hutchinson,2e0e45471d09da6b346ae004b633b7466c2b3701,matthewsanchez@example.org,A7Z^%lP+@h
Paul Hogan,cbb9540ab48240f47dda6370693546dc2e579fa5,taylortammy@example.net,&cA8eLqi*V
Stacy Olson,ba46aa7ddd19cc22db77a7ac8f7dd4b4c70ecced,james07@example.com,+nuJp0oH5R
Tracy Snyder,b0bc976fdd7143512daf0cb3c823b159ca5922c8,laurafields@example.org,mH5)yOUwF^
John Martin,63f353e7b95452c4a82c8443ae37a7349d6ba55f,williamsongrace@example.net,#q_GahTnk8
Brandon Oconnor,eaafb0d15e0ad2d453a5eee79bab4778e60dff68,erica85@example.org,SpZ9VR2v(3
Peter Robinson,11527729c16f1746db395990649981e6ce514476,schultzdouglas@example.com,1f77S*bEH#
Stacey Smith,b0ad6c03e3895c48fb8328f45ffc4d571dd6a0b1,cohencheryl@example.org,#3IGemHH$J
Raymond Brown,85ce5f72c83e000387ce93ee7970e58f461eea72,nmiranda@example.com,q))R&5Rwc3
Joshua Contreras,1364e2f318dcd6877cf3903cd2db4ce7c9c4d380,chavezamber@example.org,2)*G9EFj6+
Shannon Sanchez,c17e94673aefde533d8230cddc50a3a4729228bd,tracy05@example.org,6)9*M^$hQ*
Denise Weber,6e163e017eca43ac019d2d7e9d0cc6d1a0553b9b,adam07@example.com,!8eohqGd*p
Larry Haynes,34629495a733eff76038529efe6ffa4a9b7c2c83,rmay@example.net,c4cI8Z)l$Z
Tracy Hale,be08b1388df9d9c769f93f52319698b6af070bda,bfrank@example.org,RP250_Uov@
Danielle Ramos,a56cfd813d71a606fdb6dad341310e4fa1d7f3bf,russellpatrick@example.org,(om1FLsCFz
Lucas Boyle,14dfe3c07026729f15eba1756f3c68df51974a8d,brianna15@example.net,@u0P%oaGd@
Diana Johnson,8b7ee17bee9cb57f7453cbb1e09bccd50b33e7b8,nhogan@example.net,q4VDN6vJ*z
Tiffany Alexander,4925ee4d691fe9165756f8989f9e631a82757de2,scottdarrell@example.net,_!F$n+p6l3
Richard Myers,be68ddf7caac227de65cb59c4deed08a20a084f9,jeffrey08@example.com,&7oLnJ!g3Y
Jacob Rice,a870e320260d7cb1333cd45a727f222584a0e912,jeffrey14@example.org,(9%05Se(Xq
Sara Smith,725e5aaf7cec7269d8ed66cb8892894be8569cef,leahyang@example.com,@80l17$mHe
Sarah Pace,6edc02c53473afb66ddff2ebb12a2395384377cd,smithbrandon@example.net,*0H#+iEm(g
Matthew Powers,9a78e4b9a9990b4b352076357fa41bf4ac5d30f6,richard70@example.org,^j7DqJWb2&
John Jones,11c15c5a578b44d99b09308d244f757e2ed14fd0,ubrennan@example.net,%xL#OnDC88
Jessica Keller,7c6cf3e4aa3b3d68fac0e5c9624136c24a3e3293,wnguyen@example.org,^fABizlx17
Christopher Cameron,6612b89cf737ee0084e91c82cd8f6488c6d67984,claudia98@example.com,1HfcHcTo+M
Leslie Miller,62d6746324cca4ac06d3c9fa726e4c2af282a9b3,michael11@example.org,)i!J7L8Cc5
Tina Davis,b0d883b1573f11b54879efae6dbd481ee0ffbe3e,dstewart@example.com,j(1UQjPPOe
Jennifer Trujillo,3361f3eb5d0c52329508847281529c73a25f02e3,garciadaniel@example.net,)@zUb)HjN7
Kara Smith,980cb593ab35c48c63f0aab476461b84247d6412,wrightjoseph@example.org,YT3JWDqFU#
David Sweeney,b690e9874f0c84d4adbf38b0f868d80812262307,anna08@example.net,4!7I5w%Cwa
Bill Cruz,471b4c3aef9f4cb02929becdfd52a2ec165a7d2c,jennifersanchez@example.net,$Ie50)ty&^
James Myers,50503e0880d7e51faadd08ab01ea9135812b7e27,hendersonscott@example.org,+1Tl)IJjB&
Kelly Hale,e5cc21c47f529cac3672aa5bbdcb8212c203cdd0,patrickpayne@example.com,v!a9mG9opv
Jeremy Brewer,8c4bd8d021a66d4b83bf61174077372a0d22e6b4,alexismcmillan@example.com,*1$jUVu^tu
Carrie Walker,74e14ed1a4f3b146ccb46fc5363e332a2898e5e2,ashleymatthews@example.net,I9m(o8Lk8P
David Garcia,036acb0aa05dc2763fe165991f4385096c8e1094,aallen@example.net,*#V1DAeO+s
Donna Woodward,156770bfb63cd646750a3f231067029c5c170298,aprileverett@example.com,gRa$v5GcsS
Latasha Miller,32eb4ef0df947d1df2ee08cd1031250865c2d313,blackwellroy@example.com,i@21Oi5q83
Evelyn Hogan,a5b12eb3b7523af1fc1f6f9343240e7da4f1ffc6,jennifer57@example.org,0CWIcGz7@9
Kathryn Ellis,7178f60182137a087fa6e118f6965651a65ebbb5,christopher28@example.com,f8Gw1Jc5$E
Tammy Sanchez,aa8768277ca3abf697d7ba4b3a57f9dedd63024a,jmcbride@example.org,*B_D4Ifm77
Tracy Hughes,6325612e949fe73ac4342a4c92c1c6ca01598a3b,dustinritter@example.org,p^3G+b!_ka
Patricia Martinez,fee5ead42ccc24ffa91c2c94cb0fb4748b857677,donnasanchez@example.org,lDJ1K7Fd*1
Samantha Brown,2970579f49b1bbba3599fbd2a3354a309c56abeb,angela15@example.net,(Y3fBhp(#_
Shawn Brown,8358a45a9332ea99991440a4f4e0dec2f6787e03,elizabeth25@example.org,4e))XDzh#8
Michelle Mcfarland,5bb3ce503919ff6f30b64036b85d930bc080773c,nboyd@example.org,+&3r9L(i4(
Katrina Harris,82204d2feb92c05e0099abad57448057c62a0970,pedrocampbell@example.net,G(Ugy^*D%4
Raymond Mooney,499877372c80edf1bf95d776ed649cace8f9462f,jacobsjessica@example.net,_&v$4Ta&G%
Ian Sanchez,fca491f33460e8b48c56ca0f85c6f55c104b0f39,estanley@example.com,!0Z#%RPZuB
Stephanie Rodriguez,ab5be71700ff8e2e672433af173ab611941b667d,hwilson@example.net,80%m4SNk12
Jamie Martin,20764a8f546e052ab21bbf150917737f04a2f373,clarktiffany@example.org,$ANBBX_f1P
Sharon Lopez,d34e2446b23786c3905a0f735ed9a2fca6bd2a5d,wallen@example.net,OnGxPoDv$2
Tyrone Adams,a6f541e44680e5c6cfd76008eaee4fb6b7491809,john86@example.com,^1ZwpLTec4
Michael Ball,4a84eb3e6470d660276335bb55a48a764bc3dda1,jacksonsean@example.net,v$67KGoV%0
Paul Nelson,1b3affba467d7b276af8f20b49224c5c00d3f939,ypayne@example.org,1EpgDSLj&C
Michelle Glenn,4ad9a9d85238437da373ccaf1a0cc9a34339e6bd,mcclurejason@example.net,HlOD0A9bO!
Wendy Fowler,deb538598ff8196f56aed721e0e6957e34362754,moralesguy@example.com,*P9hBv70Lr
Tammy Bender,1cf63c339cd7a25a0cd69ee4e902cf07166ed2c4,anthony41@example.com,u(E60JtRF&
Kelly Anderson,973152863ec002a1e326f821bf1e4d2370563709,meganforbes@example.net,TB*4EDjK@+
Levi Dunn,1cbbcefcb0c277a0324937f60518fb6eba101791,richardortiz@example.org,O_(Y2hYx1S
Lisa Lopez,0d9a25e27c89f426d518e409afa2853d044178ca,zimmermanstacey@example.org,)%T9KCsx^!
Stacy Cox,7ca4c7555a101b34118d19d7b32314bb17e72488,ucallahan@example.com,Gc9EkGoU_3
Dylan Mitchell,d743c7cc5f34728280a80fbaef2aee1d21c7c07d,johnsoncarrie@example.com,vp5HP#UMD#
Danny Horne,b1fa476ff72d6ad0c268f0b4693ddf4213c8f1c9,huffsteven@example.net,P^5Ml_222u
Brandon Tucker,c9d1887279c72fbb471bf4c4ef4e42c0bbccf859,brittany05@example.org,T0NZIteU^0
Krista Lewis,06fa7ce8abccbb0ef38423008103e4c66a697d31,paulchurch@example.net,VSc3Xies^j
Pamela Bell,ff195e8482dfd5a72130f89884655b421edd35aa,jarmstrong@example.org,zaY#6kDx3!
Stephen Smith,f15103b853ff3e799b39f52beaacd2fc12dc295b,stuarttiffany@example.net,*ekEUaOk1*
Amanda Sanchez,b705fd02f083b1a42f4b112b48d425cd709ea64e,mreed@example.net,*OvlC4Lp#D
Audrey Colon,eb2c5e3be19cdd48d14130be50ad39b0a7ed9204,joshua46@example.net,8h(HctVm%X
Sabrina Morrow,b90c831a6b301c3f3463842d7c25079bb55db16b,nealhaley@example.org,&nCqYJt293
Maxwell Valdez,5a01d34bd4f1c597c483da7acdddfde41d4bf913,kellerkimberly@example.com,gcf#8IBo3w
John Walsh,63be013dafec0075e4b3ec7addcfb0811d0c4281,joshuasellers@example.net,c)e5VfsR#u
Marcus Long,a1c9d3bc4ddf7df452a008d5b6265ffe1892e848,bandrade@example.org,_XWFydOuH5
Jennifer Kerr,68dc9eb8d4a27df0429d51736a8c6e5b499373a2,joshua55@example.net,0a1v3Wn)^n
Alexis Chang,c946d288f8a554b07f7cdaec9718311594cabb75,pamelajohnson@example.org,i8L5NuCk)%
Kristina Martinez,507a172716ddf6677f108a0092c5646a4a06cdf6,cwaters@example.org,!%pNNlcy3x
Ian Williams,97f72acdf20f1547139f5dd5aa11b45bdf7949b9,johnsonmatthew@example.net,*d2hCu2J9a
Christian Warner,928603c977e7f24f9cdc3bece8f74750425ecaf0,barkermeghan@example.net,Da%9N9Zj&3
Michelle Mclean,90c15f012b20ae3075309f90d8119650153d6e10,ymiranda@example.com,@l1EI*Mpj#
Joshua Trevino,92978a7b2dfcf729e63617d5aff99059276e605d,robert91@example.org,6QzBI0w+$y
Douglas Swanson,480e4821ab1ee096fc7a3e990f2d0eee401b029a,yknight@example.net,iX@m2EEb2#
Timothy Graham,40c790d09ac3800964a90b549d6d3a560084df33,nicholas56@example.net,h5XAjNmJ_H
Claire Mcbride,e7317530b8e65c82f266256d60053193796d4d1e,theresabowman@example.com,Uh9FXGx#@6
Miss Natalie Gonzalez MD,805f4bd1ba693e52242c890f45f04e2bb832a273,veronica51@example.net,f$2JYJydK^
Jennifer Walsh,3b308ba046441f9ee796fb738dabb10ba271c273,iboyd@example.org,s@!j)9Ln_&
Kenneth Gutierrez,2f23609563de46e8dd19a78756e921de5a1f4dc3,carol04@example.net,g4zaHKYn$Q
Rose Fowler,aadbe806e313b7f2cabe47a9361906eddd332f18,peterdaniels@example.org,*vjPk2isA9
John Baker,6fd5fc4a6b92205d950fe01180d0336d899572e0,wesley95@example.com,)U7O2bYjw5
Debbie Contreras,9c4c3b8fd3037725a38480cab1caec9a2fbc84a7,christinanielsen@example.org,@DgBRk6k1e
Jennifer Weaver,120be4af3722f5bca52cbc1bf9af1d627c333270,cindy13@example.com,N6EdENQv$9
Jesus Stewart,8b29d9a296f040ee2685d8c23e73db2594fc0c58,michele88@example.net,B1NtUnm6&2
Troy Rodriguez,d372d83e8a8319a9a78a8b01c49e3bb37e3eca3d,william51@example.org,%K+5Epjd2y
Kristine Berry,c90631bb724a307de04862cf10877d213dfd64c5,kariwalton@example.org,PN4xZruw#0
Ashley Hahn,1a3ca1c9b6596e501459d72f82ce87d46850e5b8,cynthia45@example.com,$GE+lHLSh2
Janet Lopez,afd3434268fd9f5a1aa0240820d541263e2b97b6,shunter@example.org,U29BMs3I&^
Edwin Armstrong,fd25178e72db536fbcc8ff66fa0be242e57ec2ef,fcole@example.org,5s0Du&Fs^5
Adam Ramos,a77d668f0a6bc6be93985c9b229825855fdb00b3,ydavis@example.com,)5FSgt%7mQ
Denise Wright,9adba1cfb3cf2273f1dce94ca93a7ec760abe524,whitetracy@example.com,@2QfsT@oT@
Gavin Reed,3d8419d7743236df070b90318ff68fd7408e3076,thomas04@example.com,F+2oZXh)zi
Julia Navarro,8e892e36e83a97fca3074a9e000bc5ef5569b7d6,david34@example.org,+DUQPoJly8
Lori Bryant,7051e0296ccede47578b029edc82bb33fd3763de,brooksyolanda@example.com,_6h07Jsk&r
Kimberly Lopez,091e73df0f5b4a7be58e13db17e345589fc53638,udavis@example.com,jp_8sQuR^@
William Farmer,498e55ee8d2dc2a74818ec4fdf6875c28baed642,debbierogers@example.net,&aZsE9rBT9
Bridget Byrd,44d79a0a62117da9920dfec30d312942fb277cfe,hallbrady@example.org,%8C8xiktWm
Jimmy Dixon,1b0d05ce35cf2675a5970ad397e3f24d86b8e862,manningdavid@example.com,*3zBbKwt*q
Ashley Contreras,df22627d4fb9ccacec6a39d004e40c0695910b32,nicholas21@example.net,70c1aCg5@4
Philip Weber,c1d1321deb9a856a354e38310785d9168abcb0d5,ggolden@example.com,3O0He+vg+w
Raymond Nicholson,788915fe624f301b39dbc1811f89a319125a97d7,travisjack@example.org,lh7yYIpH&(
Donald Smith,a56a772a1f465551e1fece7d2a74a0cc8b9b9073,jessica14@example.com,SM5HvLuk_s
Raymond Washington,1dbdc5668c8b4de34f08ec31c7dda63b88e63e3a,crystaljackson@example.org,7hI0rK7Y(^
Adam Osborn,ba169f39e4d00bedf9144c2f0af8a34a1b6262fc,rickybell@example.org,1u*3mNzKPi
Laurie Flores,b4d91d424c78c84646e74fda4e2052f88e03f367,dukefred@example.org,)6ERGxjq$n
Cody King,a56167a830dbd30a7c0225b43501c61f12c518c4,matthewchen@example.org,keCcwKxb@8
Kevin Carroll Jr.,f55b6e04bbdfb9d75fd8ba335627d230903cbd08,nhouston@example.net,Q^9d7LheC)
Connie Steele,0785407984261028237821742444a6e3e9d0a9ff,williamsonedward@example.net,tE6PqarR*8
John Walsh,c28e7f56b61c4a2c7d6646e4a0cee64f3b523243,lscott@example.net,mg8S7Hw6a@
Lisa Washington,927e46b292ecbd248a5013cb29abe05d2cbead17,uhall@example.org,aeNB0%zP#4
Thomas Warner,ab37bfa5726e43e5515d3924aa3486858d7674bf,smithpenny@example.net,U4+aoN)L(s
Erica Clark,8518cb729323af31fc644947da6a4a8199250f54,richardpetty@example.org,Mz6Wy%oI$8
Christine Martinez,aed507470be7e1f4972a667d6a5a552f044db81b,igray@example.net,U+3k3Igstp
Michelle Braun,165a2aeed2c1ac4392cb2ab6ac4f409a1488320b,codyford@example.net,!h)MneRM2b
Scott Miles,392186e0863f9ff165c20106194cc1a2a0ba386d,rodney16@example.com,xxv)4ZnSOI
William Jacobson,1b68b77a427b705d937f005f59d0d2fb51c63133,brandy39@example.net,32TL)VNj%f
David Cooper Jr.,73db6f7bf53254275f42733f4604e25d39c96a23,tayloradam@example.com,$*3HxFY08o
Kristin Crawford,b1e1b0326b828e51fb338346fb7c97cb7f26ebd9,murrayjeremy@example.org,pA)M5*YeCE
Catherine Moss,38565aa43dd3fadc1c712f78e73bd12f63a2e231,heathergomez@example.com,6*P%bIuq&3
Angela Williams,b486aa7203ef9dbbc9534b805c7cf5123e9fc603,xmosley@example.org,8s2NTQu8*h
Dr. Tina Mitchell,7e4f45b33d633761e7f5bce51f0891527ecefb98,kelly78@example.com,A4*XTDkB@W
Bonnie Castillo,0c552506b912af8cda86aa33c8496071dde331d5,lwilliams@example.net,*1wWsi_UwL
Brianna Jackson,092dbc905aaabc3287bd3d0d763be39f113e6382,racheldavis@example.net,d(Z9BcsW_C
David Allen,a1918ac9e56a66b03fc38cbd541af5abadbdeb71,melissastark@example.net,(MHFoCIG_0
Sean Cabrera,817157fa4e47d4e49df0b83e71a17b96b7a0ac39,tyrone47@example.com,@PUg_2(o@4
Austin Moore,a43653ad9f31843dbad434b9d847e59927bed35c,nguyenrachel@example.com,+ZT2Gupx!2
Nathan Stewart,4384bf87be5c04061fd7524dee901f265ce12e3c,angela99@example.com,8wN^32Xq)O
Kimberly Walker,4a671eeb1aff54a5496450df626b305d81ef3cdd,vduarte@example.net,$*_D1MLAtx
Samantha Oconnell,7392d88335da6a7e2b69adc3947746666881d5e3,jason78@example.net,TjnXw(w6$6
James Schwartz,ac62bad395115fa065398870bc85c7f637eefdf8,melissajensen@example.com,BS^3JiaCX_
David Wood,681d1a109358bdeee0be95eaf07c0df87122b3e1,rollinssean@example.com,^m2^CrrIL*
Preston Mitchell,aee6ee21338a20acb0cbe22ebf7736addd183d56,sarabennett@example.net,3)b6jS3t+h
Thomas Roberson,0392cb8268c997f50caecd3a652ac95bf6e09eab,allison17@example.org,^7#kQSOy*u
Taylor Savage,3eccb25c50aac95d6dda1cd0ac42c62475f5ff69,lorraine75@example.org,f)$f2HgIns
Robert Gross,4997149be5d390396ca4eaba0e6eb56eb5c1c66b,gregory79@example.net,(fwIf!4Kv1
Karen Morales,45030358e99dc82b043838b189ae8f01628f0c1b,hudsonangela@example.org,+3XXPsfx^t
Joyce Bell,cc5390f3813bf9f9bb000756515fab70746cc10a,kbrown@example.net,m^d4O)Pce1
Debra Perez,51507a40d2eb322864e3b033777b7a16c19b038c,tmitchell@example.com,)673Skp^g!
Jeremy Walker,813e1b717959e0585b7153b53eb3dac919d84264,edward77@example.com,)210FJAd+F
Christopher Armstrong,c664e17663794ee1123e03fb7700f3372fbcb3be,scott11@example.net,NQj7wTUw&@
Brandon Soto,2402b21d57c1871467190c732c442129f98cfd41,david52@example.com,)H0oh2LiCd
Jerome Huffman,3a8f0baa101cad25d3a4b21d8539c6884d1fd40b,erica01@example.org,gR5K06$oc&
Natalie Villanueva,2e64c8e74f90ced605c61332f27dd54e96891312,martin20@example.org,1g+L0mAra@
Patrick Herrera DVM,e9b07e05fb719f2c8ec9f9d5e531b77a8ba038a0,troy66@example.net,!(t@HBl8(0
Michael Young,7c78278a353604352efab9ce845edfc88d0b0153,iwilliams@example.com,U$t0B_3suv
Sean Swanson,8bff664d8491b47c05347633d9433e2161a19dab,sharonsanders@example.net,s4NeKrRM!L
Christopher Walker,dfe1664e569e44c9bb569f3178c5e0e399973f52,hsmith@example.com,_oWvZJm^E2
Gabriella Simmons,0967ca6705e32f8e98855add80613647cf9b9e21,mariacontreras@example.com,Z#H7Sv!hlz
Judy Carroll,51ae0bc79a5b3beb49471ae076211f4087178b32,summersshane@example.net,(12MwyDckN
Anthony Ross,f47b58445101a8afb8cea0b2bfd47a44f256ffc1,phillipsrussell@example.com,)3QiNL%Ksk
Crystal Carter,f174ad9ed257ae6f204396b079c550cf2e172aa1,kimberly93@example.net,t@5b4M5zx_
Diana Esparza,e0087cb8149d298e3190ede6f5d7cb9b6001834e,ynelson@example.org,(M9XU^vs2Q
Stephanie Fitzgerald,5f52cd92c0da9e67b34a953437a8ca1b89dfa35d,dennisbass@example.com,0693Rxro&#
Wendy Walters,c192ae3aeb04651359e1d42d7e91e4183e681906,mark12@example.org,&W9P%NiQ4$
Ruth Molina,a2d9810f3f22a0bd04d5b643122db0bb85a63074,russellmatthew@example.net,$J28NsjhfE
Robert Friedman,a573f6894ace54e7a4747db35cb8231a35339420,tiffany67@example.com,8NdGLgd+&J
Samantha Hensley,cb10a044e740e5c4c1445cfa97de37dff642257f,courtneyfranco@example.net,l&3*WMxNm5
Gregory Roberts,5cb126131708563c9b1ab6c1f302c1fa8ded8cf2,monique29@example.org,0PT+!0Li_r
Jason Johnson,49a13ddf745d8c271970241a6dd32901cc87d668,rebeccarocha@example.org,#u5VAhotF9
Amanda Thomas,637516640cb526c7ab39b951877169f053c0f330,daniellehill@example.net,T*9tpFyhl(
Paul Mcclain,ed0c8f8eac11d3aa39a74eac01c6e00c8ee25b50,danadunn@example.com,h1sPYRrR+e
Allen Kennedy,3f908704e9e226216298d217db2b62cb6fa15810,brandyramos@example.net,!0D9H%Vq39
Susan Walker,94de9d74257a09b584ad9873c2d01a773eb3e26d,anthony54@example.org,JBE+o4Qa#Y
Walter Short,3ce347d9a2496e3f9d43d84135b39eccd41d6754,hillmario@example.com,+6TyHEwdWc
Jackie Hoffman,a25fd6f7f9361c83b80210d5c49b3a9dabd8ead3,raydonna@example.org,m4qvJz)N*9
Randy Shaffer,7b3c161415204009b9e3c335701e7f1f8022bbd7,lisahorton@example.org,+k6vVFjzF@
Jeffrey Gray,b1efd6027ace767df555346defdd80129c8f6fdc,hwright@example.net,6teL5XLc@#
Raymond Larson,bd984adf8d71c3d12d2f49e03b95a5f67f0834b5,urobertson@example.com,#iJL$ku*q2
Katherine Gay,2e8a8767f4598a5f610ad63e16bbc61f7849ad06,michelle99@example.com,*3Iu2*wjEw
Brandy Benson,18aa8657daaac216ac23912402629f8b55699452,rebecca82@example.net,(9)fYLff6o
Yolanda Collins,c6f0904f02bbd14a78013b816c695fc275ae6caa,juarezjesse@example.com,)!@XdZOf3X
John Clarke,1310eb96601be3df6ee07a9333ad1c96a170771f,andrea81@example.com,I$uZ4KJoXk
Jody Cain,47061fad744fbcfbfc10ae50b99073b045abd2c2,mooreamanda@example.com,#mbvLVCW0u
Dawn Le,960c6d9b07198294e48d62b34c4a289b5d5c2fda,smacdonald@example.net,)BTDy)ivR9
Stephanie Brown,4e0c271a6c9d08c382f43662e1693a72ca79dc3c,yjones@example.com,)a50dMot59
David Stone,e2dbeacf0d624b4a37de8a21492fab7024bb451a,wterry@example.org,@ET+0Lesvx
Susan Pittman,c798d80457024567b1647f9ef1d2a129c6ce4f1a,andersonchristopher@example.net,W#8CimIkm)
David Glover,fa1567bb47dfbe47cfec5bbb171b5044ab5c35f7,maryyoung@example.net,jc7L4_Cyu%
Justin Wood,5f9dd597d4d74fde03cbb4429f8e3fd916889ec4,richardacevedo@example.com,_9C9zjZxZO
Sean Avila,c8343703e31482b8f54809823c074aead89bea73,reedfrancisco@example.org,_WHPDuQJM0
Angela Mora,8374b8218af9f53e93067f366a3c8799bfdccd85,progers@example.com,_uG74IMrG6
Rachael Nunez,c64c94b05db43da08dba1f7b36c051883f23ecea,kimberly44@example.net,$87SRSk5(w
Robert Campbell,5fd8e4f4330184134182fabe4860e70c63273990,annawatkins@example.net,8VVLkFKq)e
Judy Deleon,70171b136f14cf7045d622c8d5264c01f1e25be9,bryantkathryn@example.org,K$4E1XrsU9
Lindsey Curtis,8159df91056a90dc9a7600507c7b4c8a0c0d6af6,obriendawn@example.com,2p!dSo5H&i
James Hart,6a9c8da41a11a9fc1d162ff89e8aa8eba555b3dd,brownisaiah@example.net,*Sgwj0UtMO
Nathan Larson,403cd739c39b37c5f0c00ef81388e2f4339fc7c6,ygarcia@example.org,$^0(K^Qa47
Megan Lopez,a7306b1af0cdcab1953882c662c78a735d818833,thompsonmonique@example.net,3+7CPWmtfd
Danielle Reid,86092e88e3538a62577d9c30d1742559120036bc,zjohnson@example.net,A0Ra5GCb%#
Phillip Walker,f69d3e7bf4f09779b5470a6c8d342b4be22d088f,fieldsbethany@example.net,(2JmfkY+yy
Joshua Martin,8b11ee2b92cca6a15a4d825cf18b4f72f83b2530,catherine03@example.com,D_2yUnc@dt
John Hall,8ce8723d8f06657ad0665e2987dfc044c1fd8c56,jonesashley@example.com,*x_HDXlGw5
Deborah Foster,caea1a34fa4e6b88827c5754895cdf3ceb6e3bcc,hking@example.com,w#ZQe2Glod
Derek Lewis,7dd855ab16f594e97785c4a62cf9a883340390f5,catherine92@example.com,fN)6)WeW1_
Dakota Williams,f385c7a68323ca5ead5df57f1fd0c716df98be94,ernestcarpenter@example.org,J4Qw4#Gi)F
Kevin Roberts,aa0860e32a3786d1d0b7b5e64cf5b727c4d497a0,suzannecurtis@example.net,MpK6Xchi%2
Jeremy Johnson,ea759a4dfad05bcca5b744f3cbf4e011e1111a6d,tonifarrell@example.net,_fo)5OmhfW
Timothy Todd,67f269e06effeefec5e37036d6b53db525217d57,hpena@example.org,)jQCSyYc*1
Ian Powell,77f0ccd933ba50c833eda11f0ec09da6912a5416,ricky16@example.net,06a4*(Il$0
Mark Chavez,7066ab341d4342a9ad125d5dc8e21b141eea774e,erik40@example.com,9ukWNvy()R
Kaitlin Taylor,1e0621a96654f983805534b36da159f657e40f2b,staceyvincent@example.net,WN%2XaR5R2
James Becker,0fb9d94a1c90ae89ced7827958ae0d34836d0341,erikmartinez@example.org,s)3UJjDyhG
Barbara Caldwell,2a819fa579aa5d2245d3058600f963ea8514fbb6,reesecole@example.net,p8qoeLBL!m
Patricia Hoover,cfcd336544bad4f7934fac1b1ccadcd4e854285f,jessicabrown@example.net,j1GYD51q_x
Dr. David Blankenship,101a8157b69564f4654b57e697e4d01be11796f1,mccartyevan@example.com,0cVw@u%))2
Elizabeth Black,184572d2c5fa12d998a48695ad8a215336288ecf,jamie25@example.com,s!(5sR%jG^
John Hunter,3234eb792a64869567655cda8909a148ad0d60f9,bellmichael@example.org,&71cPhmi4f
Robert Thomas,d0cfa643f7f6861d5513c22ed7010a40be063659,kelliwolfe@example.net,!1IZ+odhbo
Christina Smith,ce5ca20b3384dc0e9b28db6f54d06b6fba17d6e2,margaret96@example.org,d+p4m1As++
Thomas Kennedy,4ac82a95e3b62266de1b3106c498ef9b2a22e171,sophiajohnson@example.com,$K$86YFi50
Crystal Lara,62401ebb462c5008513afe17de42fabd4dd3fe9e,wanda23@example.net,uJji0UFfM#
Daniel Allen,3f4778cc62020b745ad33658b9aca9e5f058ab05,cooleykathryn@example.net,8a3KK$5S$)
Willie Mccall,14c6759c073da3881d792391d58d69efda0583fa,vyates@example.net,U!3Pltc04+
Kyle Wolfe,a96a691b82aa98ac986c608c02ac640f27155172,valerie81@example.net,Pj7RJsvd_(
Mary Woods,3125a12ef8d4e2532ece4a3633b17fcbb9f73d79,sarahallen@example.net,0&2TOqq5aB
Rachel Wu,3364943fb12149efec92f92d5a0186d7f15cd89a,ashleyanderson@example.com,z5+L2Bzud6
Mark Diaz,eb7d77be39449ad8d1693a4923e0a0507ba2d024,lleon@example.org,!2vP3kZ)Yp
Joshua Bell,2582cef734e3bf99028249a265535f58e3e87fee,sarabenton@example.net,wWg34P(j@u
Tara Mills,de4589e38c3186995b8b494942a2e96447a1d4d9,rodrigueznatalie@example.net,xq7pUVXKf(
Casey Montgomery,f77fa5e49c4de035f9b5452da631a01edd0177f6,hallrenee@example.com,90r%GJmV^c
Brian Garrett,39ec50a113cde7aeb5c013146ee5c3609a271bc1,briggsbrooke@example.com,g_7PyDz!AG
Robert Stuart,c5de089bcc75f3eca889df4f96e54034d947667b,yortiz@example.org,x63BdE3k!T
Steven Davis,816daf31fe5ada45684c90572acab7427c96da4d,rickysmith@example.com,@s6vLy+v^x
Ronald Smith,2aed1d5575185b58a99f6d4eb4b78c67b6ccc5ad,lance95@example.com,39^RAyeS^Z
Benjamin Brown,c11abd2f9f92359b8e3556a0c95a5379f0470a58,lsimmons@example.com,pF8VRC9i%!
James Le,1af9eb91eed240b5a7bee66e7c6d19a144cb8de3,vsmith@example.org,49bXxwkT#N
Cindy Wong,1a20994daecc1a6afb4e065332edab6ff9c9234d,alicialuna@example.net,@6g4@!VuqE
Jennifer Sosa,5aaddeb162f88ff295ee7076d05b6da4b0fcfcd2,cbriggs@example.org,*!HNmc5Nf7
Pamela Dillon,154f65a3b856c4030b31f013e7af6e97e4bb252b,gabriellerichardson@example.org,(T0BDNRir9
Brandon Carter,7316304da6f5cb7964a26dc6049ab5e8aad27e3d,garciadustin@example.org,9A17K+jDl&
Erin Ramirez,cf7a0bf7b1e83b9074c7587a77a00cf7a18cdde9,mduran@example.net,aq3fAoMWO@
Carla Bryant,4d7b3129192c6a897262207cf21e2491056c3014,teresa27@example.org,kIlX&Yld(1
Jordan Hunt,8161ad998c896134e3b288320f0f5e4b3abc55e3,courtneypotts@example.org,+l4OdVxTxk
Lisa Smith,d95a8d3af18ddb96ff71b4867cdf516fa332d7bb,mariareyes@example.org,!1+4AR&ghv
Andrew Rice,0facab06437b27d09e60f68feadb8a7e4e3db585,gbrown@example.net,#LR)9WPxR#
Allison Moses,0e4f8ddbb18503cedddf3eaa974243876ff8ae1d,cnelson@example.com,V$Xp2Juj)5
Olivia Rojas DVM,65c2a0320a029fed298af93edbb8122d87e81c90,wcaldwell@example.net,&@^2P3Dx5s
Eddie Evans,4d334df11336f670c4f52e8d18e6a85505009001,nholloway@example.com,z7u2EHO+!z
Taylor Walsh,736a16473783c395d1d5d459852812abfaafb003,zbrown@example.org,c2WqBMHC@C
Michelle Phillips,d4a5a42f48045d1abbfe04a435aeb0f88ce1cf2f,henry28@example.com,)0XcyxQ)rl
James Morris,8956b56502c3ac8d4e78c329a3d66e54ce79737f,ashley30@example.com,$ifaQzjtW2
Ricardo Sanders,baef17f929cebc7b00ac2a76e1071276444004b0,wilkersonrichard@example.org,@LZk9BtjCv
Dakota Wade,aff2e666441b83696dbb216994b2cc906cfac907,andrewbray@example.com,u#M0HpnzNu
Ryan Irwin,6d06a8f3454595a5f9757c2ab3705f301d6cae63,linda76@example.org,EH1Cp$6rL%
Martin Perez,1e4db8b329071308ebc64d47ab8512044f07ff92,robinsontimothy@example.net,Ja8GEyzzM_
Lauren Thompson,f11d73e26266dcb1aed563ccc297da23630e66d5,scottglenn@example.org,#Dw9t6Pl^z
Samantha Howard,321d0ab3263ac0a25da48194321d3ea768c900d1,anna34@example.com,5lEDIKTB!$
Monique Bryant,402f924248a0a498389307f8309fa0bc38133761,smithelizabeth@example.com,6_@0Q&nt^y
Anna Foster,98a7686e97841c9c123ce612ee3e2c326db79626,samuellewis@example.net,!ZLuBG4u1i
Theresa Nash,6601ce357beb19e1a1fd7105c4664651ab4e2bbc,fschultz@example.com,@3vcIsfg%e
Jason Townsend,7481b2c2bf8ce56dc2062fd8964df5b0584b72c3,strongsara@example.org,g4QoJbnd(H
Robert Brown Jr.,ddbc226cec6d186c38d7a24cf35ddad24fd33303,grahamantonio@example.net,)3YbpwZmPT
Jennifer Bailey,cef5c0fc5a27bdaf9c4f68aaa7816e44a517f8ec,ricerobert@example.org,0Z9D5m5Id^
Stephanie Gaines,f82be9e1294914fd41a0ea5015b0da7dec0b2ad1,robertsjoseph@example.com,!l)7C21c3u
Jessica Evans,f5c8aec3852371b5796863b1984a23d126f169fd,smithrebecca@example.com,k_61V3eozg
Sarah Thomas,107c43c08b93f67bb13454625e4ea7200ee99cf9,markblack@example.net,pj3WiVSHs%
John Reyes,fc3064f27317488efa60a99865e3d30f78e0604d,derrick89@example.com,Zd!31UZb*_
William Martin,3bc7ba1f05087f9212e9b6bf5e52369a17659cf1,whitematthew@example.net,@5E2dT)5^4
